geom,nombre_del_espacio,alcaldia,longitude,latitude,equipo_humano,trabajo_remunerado_alterno,horas_de_trabajo,perfiles,sueldo_retribucion_economica,sostenibilidad,tipo_de_figura_legal
,,,,,,,,,,,
POINT(-99.09175682 19.46095452),Cineclub Luciérnaga,Itinerante,"-99,16974693","19,26817924",De 3 a 5 personas,Sí,3 a 5,Especializado,No,Sin información ,No aplica
POINT(-99.21014786 19.3322834),El Rule Centro de Saberes,Cuauhtémoc,"-99,1407065","19,4335607",De 3 a 5 personas,Sí,6 a 10,Sin perfil,Sí,Otros,No aplica
POINT(-99.28168269 19.34230229),"CineRgia IEMS Plantel Iztapalapa II ""Benito Juárez""",Iztapalapa,"-99,06510406","19,3146872",Otro,Sí,Otro,Especializado,No,Mixtos,No aplica
POINT(-99.1567171 19.441993),Instituto del Derecho de Asilo Museo casa de León Trotsky AC,Coyoacán,"-99,15821105","19,36445867",De 3 a 5 personas,No,1 a 2,Especializado,Sí,Mixtos,Asociación civil
POINT(-99.09012005 19.19112813),Casa Gallina AC. ,Cuauhtémoc,"-99,15996112","19,45083035",De 6 a 10 personas,No,3 a 5,Especializado,Sí,Mixtos,Asociación Civil 
POINT(-98.99316352 19.21845994),Cine Club Xicalco,Itinerante,"-99,16360556","19,23537812",De 3 a 5 personas,Sí,3 a 5,Medianamente,No,Mixtos,No aplica
POINT(-99.11751963 19.48174314),Cine club El gato azul,Tlalpan,"-99,16766684","19,26589968",De 3 a 5 personas,Sí,3 a 5,Especializado,No,Mixtos,Sin figura legal
POINT(-99.15454072 19.2953584),Escuela de Cronistas Carlos Monsiváis ,Azcapotzalco,"-99,20563266","19,4735813",De 3 a 5 personas,Sí,3 a 5,Especializado,No,Mixtos,No aplica
POINT(-99.23637016 19.27405235),CINE CLUB UNDERCITY,Venustiano Carranza,"-99,10336505","19,44746539",De 3 a 5 personas,Sí,3 a 5,Especializado,No,Mixtos,No aplica
POINT(-99.18783649 19.39518118),Centro Cultural del México Contemporáneo,Cuauhtémoc,"-99,13402882","19,43906161",Dos personas,Sí,6 a 10,Sin perfil,Sí,Mixtos,Asociación Civil
POINT(-99.18121799 19.40339697),Cine Club Indigente Copal,Itinerante,"-99,17348082","19,25938566",De 6 a 10 personas,Sí,6 a 10,Especializado,No,Mixtos,No aplica
POINT(-99.1553297204578 19.4538535065555),Un paseo por los libros A.C. (espacio de exhibición),Cuauhtémoc,"-99,13321443","19,426436",De 3 a 5 personas,No,6 a 10,Especializado,Sí,Mixtos,Asociación civil
POINT(-99.18641785 19.45905362),Foro Cultural Azcapotzalco,Azcapotzalco,"-99,1516311","19,4728185",De 6 a 10 personas,Sí,Sin información,Sin información,Sin información,Mixtos,Sin información
POINT(-99.15480722 19.39689751),Cine Debate at Poch@ House,Cuauhtémoc,"-99,16090701","19,4121548",De 3 a 5 personas,Sin información,Sin información,Especializado,Sin información,Mixtos,Sin información
POINT(-99.02243381 19.29919389),Colectivo Productora Calles,Itinerante,"-99,13336585","19,44109886",Sin información,Sin información,Sin información,Especializado,Sin información,Mixtos,Sin información
POINT(-99.04774568 19.25808315),Cineclub Casa Negra (antes Cine Oculto),Itinerante,"-99,17197984","19,41625798",De 3 a 5 personas,Sin información,Sin información,Sin información,Sin información,Mixtos,Sin información
POINT(-99.05878958 19.30567031),Cinito Cinedebate,Itinerante,"-99,13462213","19,42808159",De 6 a 10 personas,Sin información,Sin información,Especializado,Sin información,Mixtos,Asociación civil
POINT(-99.12574749 19.54487036),La casa de Cultura del Barrio San Antonio ,Iztapalapa,"-99,0742922","19,3106968",Sin información,Sin información,Sin información,Sin información,Sin información,Mixtos,Sin información
POINT(-99.07327954 19.40005752),Siervos de la Cultura:Cineclub,Azcapotzalco,"-99,2056112","19,4733689",De 3 a 5 personas,Sí,Sin información,Sin información,Sin información,Mixtos,Sin información
POINT(-99.2858835 19.36169181),Museo del Pulque y las Pulquerías,Cuauhtémoc,"-99,14706239","19,43770712",De 3 a 5 personas,Sí,Sin información,Sin perfil,Sí,Mixtos,Asociación Civil
POINT(-99.16418488 19.42701282),Cine club Elena Poniatowska,Miguel Hidalgo,"-99,18121799","19,40339697",Dos personas,Sin información,Sin información,Especializado,Sin información,Mixtos,Asociación civil
POINT(-99.05771385 19.44812646),Cine Foro Mayahuel ,Cuajimalpa,"-99,28168269","19,34230229",De 3 a 5 personas,Sin información,Sin información,Sin información,Sin información,Mixtos,Sin información
POINT(-99.1807662 19.3408218),Cine Móvil ToTo ,Itinerante,"-99,15964845","19,36973708",De 3 a 5 personas,Sin información,Sin información,Especializado,Sin información,Mixtos,Sociedad de Responsabilidad Limitada
POINT(-99.10237453 19.30349168),Cinema Paradiso Univi (Universidad de Vida para Personas Mayores),Miguel Hidalgo,"-99,2038957","19,45010333",Dos personas,Sin información,Sin información,Sin información,Sin información,Mixtos,Sin información
POINT(-99.06959385 19.35432882),Centro cultural Foro la Cura,Iztacalco,"-99,13389665","19,3993792",De 3 a 5 personas,Sí,1 a 2,Sin perfil,No,Propios,No aplica
POINT(-99.06405155 19.34535447),Cineclub LA VENTANA,Benito Juárez,"-99,15116136","19,38581667",Dos personas,No,1 a 2,Especializado,No,Propios,Asociación Civil
POINT(-99.1590372282175 19.3728387594294),Cinema Verde,Benito Juárez,"-99,15903723","19,37283876",Una persona,Sí,1 a 2,Especializado,No,Propios,Sin figura legal
POINT(-99.1458963 19.4424262),Cine Club Revolución ,Cuauhtémoc,"-99,15456893","19,4363793",Una persona,Sí,1 a 2,Especializado,No,Propios,No aplica
POINT(-99.15007034 19.43840272),"Nocturama, cineclub de Tristessa",Benito Juárez,"-99,14358651","19,39968816",De 3 a 5 personas,No,1 a 2,Sin perfil,No,Propios,Sin figura legal
POINT(-99.03668032 19.30053907),Cine club de la Casa de Cultura Guillermo Bonfil Batalla ,Iztapalapa,"-99,10078246","19,35958878",De 3 a 5 personas,Sí,1 a 2,Sin perfil,No,Propios,No aplica
POINT(-99.18577786 19.38798897),Cineclub TAC toma de acción comunitaria,Itinerante,"-99,13486815","19,48794494",De 3 a 5 personas,No,1 a 2,Especializado,No,Propios,Asociación Civil
POINT(-99.16090701 19.4121548),La Sobremesa Cineclub,Benito Juárez,"-99,13888402","19,40065097",Dos personas,Sí,1 a 2,Sin perfil,No,Propios,Sociedad por Acciones Simplificada
POINT(-99.15465139 19.47856752),Cineclub Torres del Parque ,Venustiano Carranza,"-99,11776346","19,45258661",Dos personas,Sí,1 a 2,Sin perfil,No,Propios,No aplica
POINT(-99.1383219 19.363354),Cine Ágora,Cuauhtémoc,"-99,13388743","19,43199707",De 3 a 5 personas,No,3 a 5,Sin perfil,No,Propios,No aplica
POINT(-99.1283802391755 19.32950866321),UHLV ,Gustavo A. Madero,"-99,16209802","19,50456412",De 3 a 5 personas,Sí,3 a 5,Medianamente,No,Propios,No aplica
POINT(-99.1764571 19.2692994),Grand Ciné - Alianza Francesa Ciudad de México,Miguel Hidalgo,"-99,2037306","19,43659222",De 3 a 5 personas,Sí,3 a 5,Especializado,Sí,Propios,Asociación Civil
POINT(-99.1716566 19.4092044),Í caro Espacio,Álvaro Obregón,"-99,19841735","19,33922107",Dos personas,No,3 a 5,Medianamente,No,Propios,No aplica
POINT(-99.13888402 19.40065097),"Cineclub ""Cinema Verde""",Benito Juárez,"-99,14256937","19,36426838",Dos personas,Sí,3 a 5,Especializado,No,Propios,No aplica
POINT(-99.17587773 19.41315626),Cineclub Pancho Villa,Iztapalapa,"-99,05946036","19,35598322",Dos personas,Sí,3 a 5,Sin perfil,No,Propios,Sin figura legal
POINT(-99.14628969 19.43702983),CINECLUB CULHUACÁN,Coyoacán,"-99,10951246","19,318648",De 3 a 5 personas,Sí,3 a 5,Especializado,No,Propios,Asociación Civil
POINT(-99.2168835 19.2059986),CINETECA UAMI,Iztapalapa,"-99,07399548","19,36141163",De 3 a 5 personas,No,3 a 5,Especializado,Sí,Propios,Sin figura legal
POINT(-99.1375946 19.4308291),Cinema 1917,Iztapalapa,"-99,06401936","19,34540508",De 3 a 5 personas,Sí,3 a 5,Especializado,No,Propios,Sin figura legal
POINT(-99.16845 19.36994),Hierofante Café,Benito Juárez,"-99,13924915","19,40070333",Dos personas,No,3 a 5,Especializado,No,Propios,Régimen Simplificado de Confianza
POINT(-99.1533121 19.4199979),Ovnibus,Cuauhtémoc,"-99,15836365","19,41182236",De 3 a 5 personas,No,3 a 5,Especializado,No,Propios,No aplica
POINT(-99.1388676269844 19.400658151028),Andrómeda cineclub,Benito Juárez,"-99,13189125","19,40065815",Una persona,No,3 a 5,Especializado,No,Propios,Sin figura legal
POINT(-99.15334162 19.42006615),"La Grieta Cine (cineclub, laboratorio)",Benito Juárez,"-99,14033799","19,37481975",De 3 a 5 personas,Sí,3 a 5,Especializado,No,Propios,No aplica
POINT(-99.14183543 19.44743181),"Espacio de exhibición Ágora, Galería del Pueblo",Cuauhtémoc,"-99,13380162","19,43196667",Dos personas,No,3 a 5,Sin perfil,No,Propios,No aplica
POINT(-99.15986228 19.30896816),Foro Cultural el Caracol ,Coyoacán,"-99,14213589","19,33902437",De 3 a 5 personas,No,3 a 5,Sin perfil,No,Propios,No aplica
POINT(-99.1650577 19.3707094),Indómita cine comunitario,Iztapalapa,"-99,01158378","19,34705841",Dos personas,Sí,3 a 5,Sin perfil,No,Propios,Sin figura legal
POINT(-99.24778772 19.48712142),Cineclub Ellas Dirigen,Itinerante,"-99,13125738","19,43259685",De 3 a 5 personas,Sí,3 a 5,Especializado,No,Propios,No aplica
POINT(-99.15043632 19.35078683),Cineclub El Umbral ,Azcapotzalco,"-99,20114673","19,51413327",De 3 a 5 personas,No,3 a 5,Especializado,No,Propios,Sociedad Anónima de Capital Variable
POINT(-99.1323941 19.4479999),FORO ELEFANTE ,Tlalpan,"-99,19432632","19,28690392",De 3 a 5 personas,No,3 a 5,Sin perfil,No,Propios,No aplica
POINT(-99.06952102 19.48507151),Cineclub Jacaranda,Iztapalapa,"-99,07043912","19,35076659",Dos personas,Sí,3 a 5,Especializado,No,Propios,Sin figura legal
POINT(-99.16747712 19.28945204),Cineclub Cinema Acatlán,Naucalpan,"-99,24644373","19,48437669",De 6 a 10 personas,Sí,3 a 5,Especializado,No,Propios,Asociación civil
POINT(-99.17703203 19.41164372),CERES-CINE CLUB ,Gustavo A. Madero,"-99,1013282","19,48731481",De 3 a 5 personas,No,3 a 5,Especializado,No,Propios,No aplica
POINT(-99.14358651 19.39968816),Argentina 8mm,Cuauhtémoc,"-99,13189125","19,43549208",De 3 a 5 personas,Sí,3 a 5,Sin perfil,No,Propios,No aplica
POINT(-99.31771238 19.35298359),Proyecta Cuauhtémoc: Cine para Todos,Cuauhtémoc,"-99,14775532","19,43966209",Dos personas,No,3 a 5,Sin perfil,No,Propios,Sin figura legal
POINT(-99.1858169 19.4223588),Cinefilia Amerike ,Benito Juárez,"-99,15645705","19,37670701",Una persona,Sí,3 a 5,Especializado,No,Propios,Sociedad Anónima de Capital Variable
POINT(-99.1916238 19.5082611),Obra Publika,Itinerante,"-99,1692499","19,28896129",De 3 a 5 personas,Sí,3 a 5,Sin perfil,No,Propios,Sin figura legal
POINT(-99.19344463 19.48468983),El Hormiguero,Benito Juárez,"-99,16845","19,36994",De 3 a 5 personas,Sí,3 a 5,Especializado,No,Propios,Asociación Civil
POINT(-99.18294671 19.49087359),Salón Rojo Cineclub,Cuauhtémoc,"-99,13744685","19,43750695",De 6 a 10 personas,Sí,6 a 10,Especializado,Sí,Propios,Asociación Civil
POINT(-99.05716048 19.36256215),Cineclub Cinema 1917,Iztapalapa,"-99,06405155","19,34535447",De 3 a 5 personas,Sí,6 a 10,Medianamente,No,Propios,No aplica
POINT(-99.19020551 19.43923535),Cineclub Micelio,Cuauhtémoc,"-99,18428669","19,40358895",De 3 a 5 personas,Sí,6 a 10,Medianamente,No,Propios,Sin figura legal
POINT(-99.2115325 19.4969147),CENTRO CULTURAL REAL UNDER / CINEMAUNDER,Coyoacán,"-99,1480917","19,33968218",De 3 a 5 personas,Sí,6 a 10,Sin perfil,No,Propios,No aplica
POINT(-99.24843842 19.30546224),LA CALACA Espacio Cultural ,Benito Juárez,"-99,18577786","19,38798897",De 3 a 5 personas,No,6 a 10,Sin perfil,No,Propios,No aplica
POINT(-99.1046667 19.4838397),La pulguita cinéfila (foro cultural),Gustavo A. Madero,"-99,11722219","19,48160173",Una persona,Sí,6 a 10,Sin perfil,Sí,Propios,No aplica
POINT(-99.13082252 19.43392748),Centro Comunitario,Iztapalapa,"-98,99667551","19,34211554",De 3 a 5 personas,Sí,6 a 10,Especializado,No,Propios,No aplica
POINT(-99.0907815 19.3587543),Libreria Centro Cultural Pájaro de Calor,Benito Juárez,"-99,14090185","19,36373532",Dos personas,Sí,6 a 10,Especializado,No,Propios,No aplica
POINT(-99.0313193 19.3375514),Fotogramas Coffea,Iztapalapa,"-99,08081031","19,30013794",De 3 a 5 personas,Sí,6 a 10,Especializado,No,Propios,Sin figura legal
POINT(-99.1858691762774 19.4837690421983),ZIFF CINECLUB ,Itinerante,"-99,16001521","19,37259177",De 3 a 5 personas,Sí,6 a 10,Especializado,No,Propios,No aplica
POINT(-99.13189125 19.43549208),Cineclub Cosmología México,Gustavo A. Madero,"-99,06952102","19,48507151",De 3 a 5 personas,Sí,6 a 10,Especializado,No,Propios,No aplica
POINT(-99.1545271 19.4381105),Cinetrip Locatl,Cuauhtémoc,"-99,15532972","19,45385351",Dos personas,Sí,6 a 10,Especializado,No,Propios,Sin figura legal
POINT(-99.2228533 19.2755019),Granada Semillero de Arte,Miguel Hidalgo,"-99,19020551","19,43923535",De 3 a 5 personas,Sí,6 a 10,Especializado,No,Propios,No aplica
POINT(-99.2038957 19.45010333),CINE CLUB Cine Vagabundo ,Tláhuac,"-99,04983643","19,31084129",De 3 a 5 personas,No,6 a 10,Especializado,No,Propios,No aplica
POINT(-99.1469385762785 19.4388471617799),Terminal Coyacán,Coyoacán,"-99,17278763","19,34805658",De 3 a 5 personas,No,6 a 10,Sin perfil,No,Propios,No aplica
POINT(-99.1980483 19.3911882),Rizomáticos del 7mo arte: Cine de Micelios,Cuauhtémoc,"-99,15925285","19,41139788",De 3 a 5 personas,Sí,6 a 10,Especializado,No,Propios,Asociación Civil
POINT(-99.08362245 19.35758026),Cineclub Tóxico,Virtual,"-99,06959385","19,35432882",De 6 a 10 personas,Sí,6 a 10,Sin perfil,No,Propios,No aplica
POINT(-99.0489941 19.36223192),Conjunto Cultural Tepalcatlalpan,Xochimilco,"-99,12780576","19,24800501",De 3 a 5 personas,Sí,6 a 10,Especializado,No,Propios,No aplica
POINT(-99.17323108 19.26768663),Cine Espacio Latinoamérica,Itinerante,"-99,14156953","19,43681305",Dos personas,No,6 a 10,Especializado,No,Propios,Sin figura legal
POINT(-99.1847318 19.3316664),La Sabana de filmes,Iztapalapa,"-98,99615052","19,34220798",De 3 a 5 personas,Sí,6 a 10,Sin perfil,No,Propios,Sin figura legal
POINT(-99.02317811 19.19042684),Cineclub Cenit ,Itinerante,"-99,17587773","19,41315626",Dos personas,Sí,6 a 10,Especializado,No,Propios,No aplica
POINT(-99.16058872 19.40543023),Cinequimera IEMS Preparatoria José Revueltas Sánchez,Venustiano Carranza,"-99,11743306","19,42796419",De 3 a 5 personas,No,6 a 10,Sin perfil,No,Propios,No aplica
POINT(-99.1330071 19.4352452),COPILLI PROYECTA,Cuauhtémoc,"-99,14987175","19,44514725",Dos personas,No,6 a 10,Especializado,No,Propios,Sin figura legal
POINT(-99.13201709 19.43583325),"Centro Universitario Cultural, A. C.",Coyoacán,"-99,18210232","19,33581577",De 3 a 5 personas,No,6 a 10,Especializado,Sí,Propios,Asociación Civil
POINT(-99.2037306 19.43659222),Casa de Cultura El Sifón,Iztapalapa,"-99,11951131","19,37185175",Dos personas,Sí,Más de 10 horas,Especializado,No,Propios,No aplica
POINT(-99.17197984 19.41625798),Cinema Volcán,Tlalpan,"-99,14397142","19,32340824",De 3 a 5 personas,Sí,Más de 10 horas,Especializado,Sí,Propios,Fideicomiso
POINT(-99.10549613 19.38327578),Centro Cultural Xitle ,Azcapotzalco,"-99,2115325","19,4969147",Dos personas,No,Más de 10 horas,Sin perfil,No,Propios,Asociación Civil
POINT(-99.170671 19.3493223),Muestra de Cortometrajes el Cine desde Diversas Trincheras,Itinerante,"-99,15465139","19,47856752",Dos personas,Sí,Más de 10 horas,Sin perfil,No,Propios,No aplica
POINT(-99.16204951 19.50453384),Cineclub del barrio,Miguel Hidalgo,"-99,18641785","19,45905362",Una persona,No,Más de 10 horas,Especializado,No,Propios,Sin figura legal
POINT(-99.13845756 19.45802942),Cineclub EIA4,Cuauhtémoc,"-99,14693858","19,43884716",De 3 a 5 personas,Sí,Más de 10 horas,Sin perfil,No,Propios,Sin figura legal
POINT(-99.1148506 19.3938582),Cinema 242,Iztapalapa,"-99,08362245","19,35758026",De 3 a 5 personas,Sí,Más de 10 horas,Especializado,No,Propios,No aplica
POINT(-99.14090185 19.36373532),cineclub Infonavit Iztacalco ,Iztacalco,"-99,10578962","19,38622104",Dos personas,No,Más de 10 horas,Especializado,No,Propios,No aplica
POINT(-99.17167351 19.44949492),Odisea Cinecafé,Álvaro Obregón,"-99,18909886","19,34648053",De 3 a 5 personas,Sí,Más de 10 horas,Especializado,Sí,Propios,Sin figura legal
POINT(-99.0603397 19.29368006),Contraturno,Coyoacán,"-99,15986228","19,30896816",Una persona,Sí,Más de 10 horas,Sin perfil,No,Propios,No aplica
POINT(-99.294882 19.356444),Los carnales dos,Gustavo A. Madero,"-99,13283831","19,54534099",De 3 a 5 personas,Sí,Más de 10 horas,Sin perfil,No,Propios,No aplica
POINT(-99.19650548 19.33221916),Cine Club Olla de Piedra,Milpa Alta,"-98,9952483","19,22133218",De 3 a 5 personas,Sin información,Sin información,Sin información,Sin información,Propios,No aplica
POINT(-99.1178247 19.46695569),Artesanas Colectiva (Punto Gozadera),Cuauhtémoc,"-99,14386054","19,4298562",De 3 a 5 personas,Sin información,Sin información,Sin información,Sin información,Propios,Sin información
POINT(-99.15456893 19.4363793),Alianza francesa - San Ángel,Álvaro Obregón,"-99,1862279","19,34839",De 3 a 5 personas,Sin información,Sin información,Sin información,Sin información,Propios,Sin información
POINT(-99.00386248 19.26855973),Ciclos de cine de Chapata Vive Café,Benito Juárez,"-99,15480722","19,39689751",De 6 a 10 personas,Sin información,Sin información,Sin información,Sin información,Propios,Sociedad de Responsabilidad Limitada
POINT(-99.0742922 19.3106968),Hacklab Feminista. La Chinampa.,Tláhuac,"-99,00745","19,2737371",De 3 a 5 personas,Sin información,Sin información,Especializado,Sin información,Propios,Sin información
POINT(-99.16124652 19.36447828),Cineclub Psicocinema,Venustiano Carranza,"-99,1258329","19,4061636",De 3 a 5 personas,Sin información,Sin información,Sin información,Sin información,Propios,Sin información
POINT(-99.24546478 19.27084188),Rebelar,Cuauhtémoc,"-99,16332548","19,41780993",Dos personas,Sin información,Sin información,Sin información,Sin información,Propios,Sin información
POINT(-99.14200786 19.44752975),Cine Tonalá,Cuauhtémoc,"-99,1604878","19,40896095",Más de 10 personas,Sin información,Sin información,Sin información,Sin información,Propios,Sociedad Anónima de Capital Variable
POINT(-98.99931625 19.28510269),Cineforum Comunitario Itinerante,Itinerante,"-99,0663966","19,2955479",Sin información,Sin información,Sin información,Sin información,Sin información,Propios,Sin información
POINT(-99.17206567 19.41618715),Cine Club Comunitario Metzli,Milpa Alta,"-98,99316352","19,21845994",De 3 a 5 personas,Sin información,Sin información,Sin información,Sin información,Propios,Sin información
POINT(-99.146825 19.390868),MICAM,Virtual,"-99,16700392","19,28884039",Dos personas,No,Sin información,Medianamente,No,Propios,No aplica
POINT(-99.07263005 19.36267711),Organización de Vecinos Popotla (ORVE- Popotla),Miguel Hidalgo,"-99,17767157","19,45364522",Sin información,Sin información,Sin información,Sin información,Sin información,Propios,Sin información
POINT(-99.00807726 19.2041997),CINE CON-SENTIDO,Miguel Hidalgo,"-99,19560738","19,44885775",De 3 a 5 personas,Sí,Sin información,Especializado,No,Propios,Asociación civil
POINT(-99.1346883 19.4276917),Colectivo Cultural Semilleros,Venustiano Carranza,"-99,1030546","19,44576011",De 3 a 5 personas,Sin información,Sin información,Sin información,Sin información,Propios,Sin información
POINT(-99.17482 19.35503),Los Cronopios sin fama,Benito Juárez,"-99,1846849","19,3783738",De 3 a 5 personas,Sin información,Sin información,Sin información,Sin información,Propios,Sin información
POINT(-99.0663966 19.2955479),Semillero de Copil,Iztacalco,"-99,1342656","19,4013943",De 6 a 10 personas,Sin información,Sin información,Especializado,Sin información,Propios,Sociedad de Responsabilidad Limitada
POINT(-99.07043912 19.35076659),Espacio de Proyección Underground Paradise,Tláhuac,"-99,02243381","19,30582779",De 3 a 5 personas,Sin información,Sin información,Sin información,Sin información,Propios,Sin información
POINT(-99.021449 19.19112),Raices Centro Cultural,Iztapalapa,"-99,1383219","19,363354",Sin información,Sin información,Sin información,Sin información,Sin información,Propios,Sin información
POINT(-99.24298381 19.48240033),CineClub Comunitario Riachuelo Sepentino,Tláhuac,"-99,0056686","19,2690289",De 3 a 5 personas,Sin información,Sin información,Sin información,Sin información,Propios,Sin información
POINT(-99.13645989 19.42639966),Cine Club El Carmen en Familia ,Álvaro Obregón,"-99,18979027","19,34534851",De 3 a 5 personas,Sin información,Sin información,Especializado,Sin información,Propios,No aplica
POINT(-99.1477553204582 19.4396620917646),We Are Todos,Cuauhtémoc,"-99,1639295","19,4181733",De 6 a 10 personas,Sin información,Sin información,Sin información,Sin información,Propios,Sin información
POINT(-99.06510406 19.3146872),Tecnológico de Monterrey Campus Santa Fe,Cuajimalpa,"-99,25838163","19,35982202",De 3 a 5 personas,No,1 a 2,Sin perfil,No,Privados,No aplica
POINT(-99.00745 19.2737371),Cine Club Comunicación,Cuajimalpa,"-99,26273356","19,37081706",Una persona,Sí,3 a 5,Especializado,No,Privados,No aplica
POINT(-99.06813462 19.33843095),Cineclub Biblioteca BS IBBY México,Benito Juárez,"-99,18500828","19,37384431",De 3 a 5 personas,Sí,3 a 5,Sin perfil,No,Privados,Asociación civil
POINT(-99.1415695250988 19.4368130542066),Tlalpan perisur Mexico,Tlalpan,"-99,15454072","19,2953584",De 3 a 5 personas,No,3 a 5,Sin perfil,No,Privados,Sin figura legal
POINT(-99.1880212 19.2980103),Cinema Pirámide ,Benito Juárez,"-99,18989005","19,38593925",De 3 a 5 personas,No,3 a 5,Sin perfil,No,Privados,No aplica
POINT(-98.9985620222641 19.1917656896669),Uotan Studio,Cuauhtémoc,"-99,17679716","19,41409888",Dos personas,Sí,3 a 5,Sin perfil,No,Privados,Sociedad de Responsabilidad Limitada
POINT(-99.0803818576719 19.452400353834),Universidad del Cine,Coyoacán,"-99,19324926","19,34026508",Una persona,Sí,3 a 5,Especializado,Sí,Privados,Asociación civil
POINT(-99.1685893584079 19.4295619868217),Teatro Varsovia,Cuauhtémoc,"-99,16858936","19,42956199",De 3 a 5 personas,No,3 a 5,Especializado,No,Privados,Sin figura legal
POINT(-99.05288476 19.3738462),Centro cultural José Martí ,Cuauhtémoc,"-99,14628969","19,43702983",De 3 a 5 personas,Sí,3 a 5,Sin perfil,Sí,Privados,No aplica
POINT(-99.0056686 19.2690289),CineClubA7,Coyoacán,"-99,15043632","19,35078683",De 3 a 5 personas,No,3 a 5,Sin perfil,No,Privados,No aplica
POINT(-99.1542015 19.42182727),Cineclub SAE Institute México,Cuauhtémoc,"-99,1801284","19,41437288",De 3 a 5 personas,Sí,6 a 10,Especializado,No,Privados,Asociación Civil
POINT(-99.16959942 19.45254118),Espacio de exhibición Orizaba 161,Cuauhtémoc,"-99,15902157","19,41485549",Dos personas,Sí,6 a 10,Sin perfil,Sí,Privados,No aplica
POINT(-99.28229392 19.35278391),"Cinemanía, espacio de exhibición",Álvaro Obregón,"-99,19249849","19,33999285",De 3 a 5 personas,No,Sin información,Sin perfil,Sí,Privados,Sociedad Anónima de Capital Variable
POINT(-99.07259119 19.36290591),FECIBA Festival de Cine de Barrio,Itinerante,"-99,12838024","19,32950866",Más de 10 personas,Sí,Otro,Especializado,Sí,Públicos,Sin figura legal
POINT(-99.1422655 19.3562773),Cineteca San Lázaro,Venustiano Carranza,"-99,12099945","19,41668809",De 3 a 5 personas,Sí,1 a 2,Especializado,No,Públicos,No aplica
POINT(-99.11951131 19.37185175),"Cineclub Unidad098, Universidad Pedagógica Nacional",Iztacalco,"-99,21014786","19,3322834",Dos personas,Sí,1 a 2,Sin perfil,No,Públicos,No aplica
POINT(-99.120959 19.3034547),Cine Foro UPAVIG,Coyoacán,"-99,10229162","19,30369682",Una persona,Sí,1 a 2,Especializado,No,Públicos,Sin figura legal
POINT(-99.24884729 19.315441),Museo comunitario de San Miguel Teotongo,Iztapalapa,"-98,98769497","19,34388334",De 3 a 5 personas,No,1 a 2,Sin perfil,Sí,Públicos,No aplica
POINT(-99.15645705 19.37670701),Cineclub del Centro de las Artes de Iztapalapa SEMILLERO DE TALENTOS,Iztapalapa,"-99,06827406","19,33386181",Dos personas,Sí,1 a 2,Especializado,No,Públicos,No aplica
POINT(-99.163468 19.4311935),Serdán Alatriste,Miguel Hidalgo,"-99,20239461","19,40429699",Dos personas,Sí,1 a 2,Sin perfil,No,Públicos,No aplica
POINT(-99.13486815 19.48794494),Biblioteca Consejo Agrarista,Iztapalapa,"-99,0539099","19,32761271",De 3 a 5 personas,Sí,1 a 2,Medianamente,No,Públicos,No aplica
POINT(-99.17733 19.4100606),Parque Agua de las lajas,Iztapalapa,"-99,06812389","19,33842083",De 3 a 5 personas,Sí,1 a 2,Medianamente,No,Públicos,No aplica
POINT(-99.13003121 19.43627293),Cinema Faraíso en Faro Tláhuac,Tláhuac,"-99,04633564","19,28590482",De 3 a 5 personas,No,1 a 2,Especializado,Sí,Públicos,No aplica
POINT(-99.30755079 19.35560801),Biblioteca Vigil,Azcapotzalco,"-99,19344463","19,48468983",Dos personas,No,1 a 2,Sin perfil,No,Públicos,No aplica
POINT(-99.1913236 19.4327609),Módulo Bilbao #64,Iztapalapa,"-99,07035556","19,32731024",Una persona,Sí,1 a 2,Especializado,No,Públicos,No aplica
POINT(-99.1098384 19.39760763),"""KILITA RESISTENCIA"" taller/centro cultural ",Cuajimalpa,"-99,30755079","19,35560801",De 3 a 5 personas,Sí,1 a 2,Sin perfil,Sí,Públicos,No aplica
POINT(-99.1846849 19.3783738),Complejo cultural Barco Utopía ,Iztapalapa,"-99,05716048","19,36256215",Más de 10 personas,Sí,3 a 5,Sin perfil,No,Públicos,No aplica
POINT(-99.08081031 19.30013794),FARO de Oriente ,Iztapalapa,"-99,0100822","19,3699235",Dos personas,No,3 a 5,Sin perfil,No,Públicos,No aplica
POINT(-99.1759269 19.4228005),Cine club Butaca Serdán- Preparatoria Carmen Serdán IEMS,Miguel Hidalgo,"-99,20075055","19,45356288",Dos personas,No,3 a 5,Especializado,No,Públicos,Sin figura legal
POINT(-99.18210232 19.33581577),Casona,Milpa Alta,"-99,02317811","19,19042684",De 3 a 5 personas,Sí,3 a 5,Sin perfil,Sí,Públicos,No aplica
POINT(-99.1507955 19.447369),Cine Club del Semillero Creativo de Cinematografía en Los Pinos,Miguel Hidalgo,"-99,19114776","19,41586157",Dos personas,Sí,3 a 5,Especializado,Sí,Públicos,No aplica
POINT(-99.1696633 19.4608844),Cinemacatlán,Itinerante,"-99,24778772","19,48712142",De 6 a 10 personas,Sí,3 a 5,Especializado,No,Públicos,No aplica
POINT(-99.13389665 19.3993792),Cine Tlacuache,Itinerante,"-99,0114648","19,25490168",Dos personas,Sí,3 a 5,Especializado,No,Públicos,No aplica
POINT(-99.124278 19.290778),Cinema Rosario Castellanos Unidad Académica Gustavo A. Madero,Gustavo A. Madero,"-99,08038186","19,45240035",De 3 a 5 personas,Sí,3 a 5,Sin perfil,No,Públicos,No aplica
POINT(-99.19548555 19.41038912),FARO Tecómitl,Milpa Alta,"-98,99523363","19,22146943",De 3 a 5 personas,Sí,3 a 5,Especializado,No,Públicos,No aplica
POINT(-99.10336505 19.44746539),CineClub Congreso 20,Tlalpan,"-99,16747712","19,28945204",De 6 a 10 personas,No,3 a 5,Sin perfil,No,Públicos,No aplica
POINT(-99.1177736 19.43047343),"Cineclub BENM: Luz, Cámara, Educación",Miguel Hidalgo,"-99,16823399","19,4480886",De 6 a 10 personas,Sí,3 a 5,Sin perfil,No,Públicos,No aplica
POINT(-99.16234053 19.41179928),Cine club Conagua,Coyoacán,"-99,18944373","19,33747451",De 3 a 5 personas,Sí,3 a 5,Sin perfil,No,Públicos,No aplica
POINT(-99.0100822 19.3699235),Cineclub Contrapunto,Milpa Alta,"-99,00965259","19,19341855",De 3 a 5 personas,Sí,3 a 5,Sin perfil,Sí,Públicos,Sin figura legal
POINT(-98.99615052 19.34220798),Cineclub Mora (espacio de exhibición),Benito Juárez,"-99,18510474","19,37608181",De 3 a 5 personas,No,3 a 5,Especializado,No,Públicos,No aplica
POINT(-99.18441569 19.40336877),Cineclub Lafragua,Cuauhtémoc,"-99,13664248","19,45100964",De 3 a 5 personas,Sí,3 a 5,Sin perfil,Sí,Públicos,No aplica
POINT(-99.18500828 19.37384431),El rincón de la margarita,Azcapotzalco,"-99,19899019","19,48968935",Dos personas,Sí,3 a 5,Sin perfil,No,Públicos,No aplica
POINT(-98.99683822 19.33528883),Cineclub Rosario Castellanos Unidad Académica Coyoacán,Coyoacán,"-99,15992949","19,30896094",De 3 a 5 personas,Sí,3 a 5,Especializado,No,Públicos,No aplica
POINT(-99.1964293 19.42942869),Cinema Rosario Castellanos Unidad Académica Magdalena Contreras,Magdalena Contreras,"-99,25762866","19,30969334",De 3 a 5 personas,No,3 a 5,Especializado,No,Públicos,No aplica
POINT(-99.1333353 19.49307055),"Cinema Rosario Castellanos, sede Casco",Miguel Hidalgo,"-99,16959942","19,45254118",De 3 a 5 personas,Sí,3 a 5,Sin perfil,No,Públicos,No aplica
POINT(-99.19820257 19.4531819),Cinema Rosario Castellanos Unidad Académica Herrerías,Milpa Alta,"-99,02108115","19,20057508",De 3 a 5 personas,Sí,3 a 5,Especializado,No,Públicos,No aplica
POINT(-99.17185027 19.3179266),Laboratorio por los derechos culturales MH,Itinerante,"-99,19145146","19,40800884",Dos personas,Sí,3 a 5,Especializado,No,Públicos,Sin figura legal
POINT(-99.15116136 19.38581667),Cineclub Audiovideorama Parque Hundido,Benito Juárez,"-99,17809244","19,3786261",Dos personas,Sí,3 a 5,Especializado,Sí,Públicos,No aplica
POINT(-99.14212522 19.28003541),"Cinema Rosario Castellanos, sede Justo Sierra",Cuauhtémoc,"-99,1290674","19,43550094",De 3 a 5 personas,No,3 a 5,Sin perfil,No,Públicos,No aplica
POINT(-99.14357886 19.32341572),Centro cultural Xavier Villaurrutia ,Cuauhtémoc,"-99,16191517","19,42388292",De 3 a 5 personas,Sí,3 a 5,Especializado,Sí,Públicos,No aplica
POINT(-99.14386054 19.4298562),"Cine Club Rosario Castellanos Unidad Académica ""Santa Ana""",Milpa Alta,"-98,99856202","19,19176569",De 3 a 5 personas,Sí,3 a 5,Especializado,No,Públicos,No aplica
POINT(-99.1852112 19.4839412),Cinema Rosario Castellanos Unidad Académica Azcapotzalco,Azcapotzalco,"-99,20951714","19,48858762",De 3 a 5 personas,Sí,3 a 5,Sin perfil,No,Públicos,No aplica
POINT(-99.1258329 19.4061636),Cinema Axólotl,Xochimilco,"-99,07845019","19,24836347",Una persona,Sí,3 a 5,Especializado,No,Públicos,No aplica
POINT(-99.26273356 19.37081706),Entre libros,Gustavo A. Madero,"-99,15226996","19,55196811",Dos personas,Sí,3 a 5,Especializado,No,Públicos,No aplica
POINT(-99.21755977 19.39704157),Sala Tepecuicatl ,Gustavo A. Madero,"-99,11689632","19,48942569",Dos personas,No,6 a 10,Sin perfil,Sí,Públicos,No aplica
POINT(-98.9966946 19.2695542),Cine sillita en la Colonia Miravalle,Iztapalapa,"-98,9942167","19,35209285",De 3 a 5 personas,Sí,6 a 10,Especializado,Sí,Públicos,No aplica
POINT(-99.13388743 19.43199707),Cineclub CINEITIZ ,Iztapalapa,"-99,05288476","19,3738462",De 6 a 10 personas,Sí,6 a 10,Medianamente,Sí,Públicos,No aplica
POINT(-99.09615302 19.27755815),La montaña,Xochimilco,"-99,09832223","19,21716276",Dos personas,Sí,6 a 10,Sin perfil,No,Públicos,Sin figura legal
POINT(-99.15077458 19.46501875),FARO Aragón ,Gustavo A. Madero,"-99,09175682","19,46095452",De 3 a 5 personas,No,6 a 10,Sin perfil,Sí,Públicos,No aplica
POINT(-99.1639295 19.4181733),Cine Club Casa de las Bombas ,Iztapalapa,"-99,07347655","19,35664515",De 3 a 5 personas,No,6 a 10,Especializado,Sí,Públicos,Asociación Civil
POINT(-99.14256937 19.36426838),Casa de cultura A la orilla del agua,Xochimilco,"-99,05576468","19,25577417",Dos personas,No,6 a 10,Sin perfil,Sí,Públicos,No aplica
POINT(-98.99523363 19.22146943),"Cineclub de la Facultad de Arquitectura  ""Alejandro Galindo""",Coyoacán,"-99,18748317","19,33113024",De 3 a 5 personas,No,6 a 10,Sin perfil,No,Públicos,No aplica
POINT(-99.11689632 19.48942569),Cineclub Identidad,Xochimilco,"-99,09323195","19,24155079",De 3 a 5 personas,Sí,6 a 10,Especializado,No,Públicos,No aplica
POINT(-99.06069567 19.33834965),Foro Cultural Calmecac,Milpa Alta,"-99,03120898","19,19852509",De 3 a 5 personas,Sí,6 a 10,Especializado,Sí,Públicos,No aplica
POINT(-99.16191517 19.42388292),Casa de la Primera Imprenta de América ,Cuauhtémoc,"-99,13082252","19,43392748",De 3 a 5 personas,No,6 a 10,Sin perfil,Sí,Públicos,No aplica
POINT(-99.11855219 19.26332373),"Cineclub ""Vicente Rojo"" del Centro Cultural de la SHCP",Cuauhtémoc,"-99,12882225","19,43466317",De 3 a 5 personas,Sí,6 a 10,Especializado,Sí,Públicos,No aplica
POINT(-99.14990182 19.42933388),Cine club FIV (Faro Indios Verdes),Gustavo A. Madero,"-99,1114397","19,5032576",Una persona,No,6 a 10,Sin perfil,No,Públicos,No aplica
POINT(-99.13558388 19.49762179),Proyecto Narud,Benito Juárez,"-99,18783649","19,39518118",Sin información,Sí,6 a 10,Especializado,No,Públicos,Sin figura legal
POINT(-99.11474388 19.41940457),Museo YANCUIC,Iztapalapa,"-99,06574355","19,34667544",De 3 a 5 personas,No,6 a 10,Especializado,Sí,Públicos,No aplica
POINT(-99.1677896 19.2862316),Cineclubes Foro arteria ,Tláhuac,"-99,04234546","19,29007494",De 3 a 5 personas,No,Más de 10 horas,Especializado,No,Públicos,Sociedad de Responsabilidad Limitada
POINT(-99.15222923 19.5273862),Cine sillita en el Pabellón,Miguel Hidalgo,"-99,19548555","19,41038912",De 3 a 5 personas,No,Más de 10 horas,Especializado,Sí,Públicos,No aplica
POINT(-98.9942167 19.35209285),FARO Cosmos,Miguel Hidalgo,"-99,16616227","19,44383699",De 6 a 10 personas,Sí,Más de 10 horas,Especializado,No,Públicos,Sin figura legal
POINT(-99.16072802 19.35001897),Teatro Estefanía Chávez Barragán,Coyoacán,"-99,18646147","19,33324373",De 3 a 5 personas,Sí,Más de 10 horas,Especializado,Sí,Públicos,No aplica
POINT(-99.1801284 19.41437288),"Cineclub Rosario Castellanos, sede Milpa Alta",Milpa Alta,"-99,01895065","19,19366747",Una persona,Sí,Más de 10 horas,Especializado,Sí,Públicos,No aplica
POINT(-99.09599081 19.39490083),Cine Club Audiencia Soñada,Coyoacán,"-99,10276226","19,30029553",De 3 a 5 personas,Sí,Más de 10 horas,Medianamente,Sí,Públicos,No aplica
POINT(-99.11722219 19.48160173),Centro Cultura Iztacala,Itinerante,"-99,18662285","19,52650148",De 3 a 5 personas,No,Más de 10 horas,Especializado,Sí,Públicos,No aplica
POINT(-99.17973785 19.30238951),Mamando el cine,Iztapalapa,"-99,07259119","19,36290591",De 3 a 5 personas,No,Más de 10 horas,Especializado,No,Públicos,No aplica
POINT(-99.1604878 19.40896095),Cinema Chintololo,Azcapotzalco,"-99,18586918","19,48376904",De 3 a 5 personas,Sí,Más de 10 horas,Sin perfil,Sí,Públicos,No aplica
POINT(-99.1632011 19.4197271),Cine sillita en Centauro del Norte,Iztapalapa,"-99,06069567","19,33834965",De 3 a 5 personas,Sí,Más de 10 horas,Especializado,Sí,Públicos,No aplica
POINT(-99.1501601 19.3229872),Foro Polivalente Antonieta Rivas Mercado-Biblioteca de México,Cuauhtémoc,"-99,14990182","19,42933388",De 6 a 10 personas,No,Más de 10 horas,Especializado,Sí,Públicos,No aplica
POINT(-99.1030546 19.44576011),Los olvidados,Virtual,"-98,99931625","19,28510269",De 3 a 5 personas,Sin información,Sin información,Sin información,Sin información,Públicos,Asociación civil
POINT(-99.13125738 19.43259685),"Casa de Cultura ""Centro de Artes y Oficios""",Iztacalco,"-99,1148506","19,3938582",De 3 a 5 personas,Sin información,Sin información,Sin información,Sin información,Públicos,No aplica
POINT(-99.1342656 19.4013943),LUNA 2 Frida Kahlo,Miguel Hidalgo,"-99,19932283","19,40265723",Sin información,Sin información,Sin información,Sin información,Sin información,Públicos,Sin información
POINT(-99.1781203 19.3186969),Ciclo de Cine- Debate. El Colegio Nacional,Cuauhtémoc,"-99,13201709","19,43583325",Más de 10 personas,Sin información,Sin información,Sin información,Sin información,Públicos,Sin información
POINT(-99.1746237 19.4118433),Cinema Atlalilco,Itinerante,"-99,08984961","19,3604991",Sin información,Sin información,Sin información,Sin información,Sin información,Públicos,Sin información
POINT(-99.0939156 19.3589067),"LUNA 1 ""Alaíde Foppa""",Álvaro Obregón,"-99,1980483","19,3911882",Sin información,Sin información,Sin información,Sin información,Sin información,Públicos,Sin información
POINT(-99.19841735 19.33922107),Casa de Cultura Frida Kahlo,Coyoacán,"-99,01450183","19,29115791",Dos personas,Sin información,Sin información,Sin información,Sin información,Públicos,No aplica
POINT(-99.23732285 19.37421476),Sala de Cine Más Allá (CENTRO DE CULTURA DIGITAL),Cuauhtémoc,"-99,17571397","19,42311464",Más de 10 personas,Sin información,Sin información,Especializado,Sin información,Públicos,Sin información
POINT(-99.2010394423282 19.5141434016572),Casa de los Pueblos Originarios DR. Miguel León Portilla,Coyoacán,"-99,1530214","19,3381567",Sin información,Sin información,Sin información,Sin información,Sin información,Públicos,Sin información
POINT(-99.187028 19.503389),"LUNA 2 ""Benita Galeana""",Álvaro Obregón,"-99,194826","19,38928536",Sin información,Sin información,Sin información,Sin información,Sin información,Públicos,Sin información
POINT(-99.118055 19.252085),"PILARES ""Margarita Maza de Juárez""",Azcapotzalco,"-99,1990971","19,4902399",Sin información,Sin información,Sin información,Sin información,Sin información,Públicos,Sin información
POINT(-99.10079319 19.35961915),"Biblioteca ""José Martí""",Tláhuac,"-98,9966946","19,2695542",Una persona,Sin información,Sin información,Especializado,Sin información,Públicos,No aplica
POINT(-99.1661354 19.39831052),"LUNA ""Elena Poniatowska""",Iztapalapa,"-99,09284501","19,35202843",Sin información,Sin información,Sin información,Sin información,Sin información,Públicos,Sin información
POINT(-99.08984961 19.3604991),"PILARES ""Atlampa""",Cuauhtémoc,"-99,16010835","19,46035291",Sin información,Sin información,Sin información,Sin información,Sin información,Públicos,Sin información
POINT(-99.15996112 19.45083035),Casa de Cultura El Reloj (Ahora PILARES),Coyoacán,"-99,1416935","19,3174167",Sin información,Sin información,Sin información,Sin información,Sin información,Públicos,Sin información
POINT(-98.9649115 19.2253299),"LUNA 1 ""Tina Modotti""",Coyoacán,"-99,17720823","19,3327554",Sin información,Sin información,Sin información,Sin información,Sin información,Públicos,Sin información
POINT(-99.1812638 19.3319335),Museo Regional Tláhuac,Tláhuac,"-99,00386248","19,26855973",De 3 a 5 personas,Sin información,Sin información,Sin información,Sin información,Públicos,No aplica
POINT(-99.21100732 19.37443191),"LUNA 2 ""Tina Modotti""",Coyoacán,"-99,14950773","19,32217875",Sin información,Sin información,Sin información,Sin información,Sin información,Públicos,Sin información
POINT(-99.18646147 19.33324373),Centro Cultural Zapotitlán,Tláhuac,"-99,03668032","19,30053907",Dos personas,Sin información,Sin información,Sin información,Sin información,Públicos,No aplica
POINT(-99.16477266 19.41074032),"IEMS GAM 2 ""Salvador Allende""",Gustavo A. Madero,"-99,1046667","19,4838397",Sin información,Sin información,Sin información,Sin información,Sin información,Públicos,Sin información
POINT(-99.18510474 19.37608181),"Casa de Cultura ""Ricardo Flores Magón""",Coyoacán,"-99,1025554","19,3229416",Sin información,Sin información,Sin información,Sin información,Sin información,Públicos,Sin información
POINT(-99.1025554 19.3229416),"PILARES ""Jalalpa Tepito""",Álvaro Obregón,"-99,23732285","19,37421476",Sin información,Sin información,Sin información,Sin información,Sin información,Públicos,Sin información
POINT(-99.0675497 19.2920381),"PILARES ""Tlalpexco""",Gustavo A. Madero,"-99,12574749","19,54487036",Sin información,Sin información,Sin información,Sin información,Sin información,Públicos,Sin información
POINT(-98.98769497 19.34388334),Biblioteca Vasconcelos,Cuauhtémoc,"-99,1507955","19,447369",De 3 a 5 personas,Sin información,Sin información,Sin información,Sin información,Públicos,Sin información
POINT(-99.04234546 19.29007494),Cineclub Viaje Submarino (Casa de Cultura Diego Rivera),Tláhuac,"-99,0603397","19,29368006",Dos personas,Sin información,Sin información,Sin información,Sin información,Públicos,No aplica
POINT(-99.00545091 19.27425042),Sin elipsis,Itinerante,"-99,15157173","19,38434642",De 3 a 5 personas,Sin información,Sin información,Sin información,Sin información,Públicos,Sin información
POINT(-99.1320953 19.439209),Centro de Artes y Oficios Mesa de los Hornos  ,Tlalpan,"-99,1830568","19,2742034",Sin información,Sin información,Sin información,Sin información,Sin información,Públicos,Sin información
POINT(-99.12780576 19.24800501),Cineclub Tornasolados: los colores de la diversidad,Cuauhtémoc,"-99,16418488","19,42701282",Dos personas,Sin información,Sin información,Sin información,Sin información,Públicos,Asociación civil
POINT(-99.16766684 19.26589968),Casa de las Letras ,Coyoacán,"-99,1371869","19,3335758",Sin información,Sin información,Sin información,Sin información,Sin información,Públicos,Sin información
POINT(-99.0539099 19.32761271),Cine Villa  Olímpica,Tlalpan,"-99,1880212","19,2980103",Sin información,Sin información,Sin información,Sin información,Sin información,Públicos,Sin información
POINT(-99.18844 19.40474),"PILARES ""Huayatla""",Magdalena Contreras,"-99,24843842","19,30546224",Sin información,Sin información,Sin información,Sin información,Sin información,Públicos,Sin información
POINT(-99.1862279 19.34839),Cine club Casa Barrio Tepito,Cuauhtémoc,"-99,1232442","19,4425096",Dos personas,Sin información,Sin información,Sin información,Sin información,Públicos,Sin información
POINT(-99.04633564 19.28590482),Biblioteca Agrícola Metropolitana,Tláhuac,"-99,0512242","19,2909083",Sin información,Sin información,Sin información,Sin información,Sin información,Públicos,Sin información
POINT(-99.18944373 19.33747451),Casa de Cultura Juan Manuel Martínez,Tláhuac,"-99,05775305","19,29460733",Dos personas,Sin información,Sin información,Sin información,Sin información,Públicos,No aplica
POINT(-99.24119034 19.30492816),Ciclo de cine en el Museo Indígena del INPI,Cuauhtémoc,"-99,1313185","19,4519111",De 3 a 5 personas,Sin información,Sin información,Sin información,Sin información,Públicos,Sin información
POINT(-99.18979027 19.34534851),Cine Club Itinerante JADEvolucion-arte,Itinerante,"-99,15501758","19,42331591",De 3 a 5 personas,Sin información,Sin información,Especializado,Sin información,Públicos,Asociación civil
POINT(-99.16700392 19.28884039),"Cine Club ""El Águila""",Magdalena Contreras,"-99,23443188","19,30481768",De 3 a 5 personas,Sin información,Sin información,Sin información,Sin información,Públicos,Sin información
POINT(-99.07035556 19.32731024),"Cineclub ""Conejo en la Luna"" (Casa de cultura Los Olivos)",Tláhuac,"-99,05878958","19,30567031",Una persona,Sin información,Sin información,Sin información,Sin información,Públicos,No aplica
POINT(-99.17720823 19.3327554),"LUNA 1 ""Marcela Lagarde""",Azcapotzalco,"-99,1817405","19,4874448",Sin información,Sin información,Sin información,Sin información,Sin información,Públicos,Sin información
POINT(-99.1586304 19.348587),LUNA 1 Cihual In Calli,Milpa Alta,"-99,021449","19,19112",Sin información,Sin información,Sin información,Sin información,Sin información,Públicos,Sin información
POINT(-99.0512242 19.2909083),"PILARES ""Cantera""",Coyoacán,"-99,17185027","19,3179266",Sin información,Sin información,Sin información,Sin información,Sin información,Públicos,Sin información
POINT(-99.23443188 19.30481768),Cine Comunitario ,Iztapalapa,"-99,24119034","19,30492816",De 3 a 5 personas,Sin información,Sin información,Sin información,Sin información,Públicos,Sin información
POINT(-99.1170215 19.483311),LUNA 1 Frida Kahlo,Miguel Hidalgo,"-99,18876914","19,40570724",Sin información,Sin información,Sin información,Sin información,Sin información,Públicos,Sin información
POINT(-99.17767157 19.45364522),"LUNA 2 ""Amparo Ochoa""",Cuajimalpa,"-99,294882","19,356444",Sin información,Sin información,Sin información,Sin información,Sin información,Públicos,Sin información
POINT(-99.15501758 19.42331591),Centro de Artes y Oficios del Ajusco Medio ,Tlalpan,"-99,2228533","19,2755019",Sin información,Sin información,Sin información,Sin información,Sin información,Públicos,Sin información
POINT(-99.144297 19.433207),LUNA 2 Cihual In Calli,Milpa Alta,"-99,0310684","19,1980852",Sin información,Sin información,Sin información,Sin información,Sin información,Públicos,Sin información
POINT(-99.1438167 19.46145999),"LUNA ""Cristina Pacheco""",Magdalena Contreras,"-99,24884729","19,315441",Sin información,Sin información,Sin información,Sin información,Sin información,Públicos,Sin información
POINT(-99.0545073 19.29651341),"LUNA 2 ""Alaíde Foppa""",Álvaro Obregón,"-99,21100732","19,37443191",Sin información,Sin información,Sin información,Sin información,Sin información,Públicos,Sin información
POINT(-99.17102649 19.30926987),Centro Comunitario Ahuayoto,Tlalpan,"-99,2168835","19,2059986",Una persona,Sin información,Sin información,Sin información,Sin información,Públicos,Sin información
POINT(-99.0310684 19.1980852),"PILARES ""Agrícola Pantitlán""",Iztacalco,"-99,0682583","19,4154049",Sin información,Sin información,Sin información,Sin información,Sin información,Públicos,Sin información
POINT(-99.1371869 19.3335758),"PILARES ""Belén de las Flores""",Álvaro Obregón,"-99,21755977","19,39704157",Sin información,Sin información,Sin información,Sin información,Sin información,Públicos,Sin información
POINT(-99.12932812 19.43646329),Cine Club Mandela,Miguel Hidalgo,"-99,1964293","19,42942869",De 3 a 5 personas,Sin información,Sin información,Sin información,Sin información,Públicos,Sin información
POINT(-99.1279742 19.4361831),"PILARES ""San Simón Tolnáhuac""",Cuauhtémoc,"-99,1438167","19,46145999",Sin información,Sin información,Sin información,Sin información,Sin información,Públicos,Sin información
POINT(-99.1303977 19.4332126),"LUNA 1 ""Coatlicue""",Iztacalco,"-99,12531883","19,39039109",Sin información,Sin información,Sin información,Sin información,Sin información,Públicos,Sin información
POINT(-99.17679716 19.41409888),Casa de Cultura Raúl Anguiano ,Coyoacán,"-99,1501601","19,3229872",Sin información,Sin información,Sin información,Sin información,Sin información,Públicos,Sin información
POINT(-99.14689566 19.43880669),Centro de Artes y Oficios de los Pueblos,Tlalpan,"-99,15910656","19,23439686",Sin información,Sin información,Sin información,Sin información,Sin información,Públicos,Sin información
POINT(-99.30311513 19.34837752),"PILARES ""Chimalpa""",Cuajimalpa,"-99,31771238","19,35298359",Sin información,Sin información,Sin información,Sin información,Sin información,Públicos,Sin información
POINT(-99.11771451 19.46398614),Sala Quetzalcóatl (Auditorio),Iztapalapa,"-99,0907815","19,3587543",Sin información,Sin información,Sin información,Sin información,Sin información,Públicos,Sin información
POINT(-99.1817405 19.4874448),"LUNA 1 ""Amparo Ochoa""",Cuajimalpa,"-99,30311513","19,34837752",Sin información,Sin información,Sin información,Sin información,Sin información,Públicos,Sin información
POINT(-99.1313185 19.4519111),Disidentas,Coyoacán,"-99,1781203","19,3186969",De 6 a 10 personas,Sin información,Sin información,Sin información,Sin información,Públicos,Sin información
POINT(-99.20563266 19.4735813),Cineclub de la División de Ciencias de la Comunicación y Diseño UAM Cuajimalpa,Cuajimalpa,"-99,28229392","19,35278391",De 6 a 10 personas,Sin información,Sin información,Sin información,Sin información,Públicos,Sin información
POINT(-99.20075055 19.45356288),Casa de Cultura Jesus Reyes Heroles,Coyoacán,"-99,170671","19,3493223",Sin información,Sin información,Sin información,Sin información,Sin información,Públicos,Sin información
POINT(-99.1114397 19.5032576),Cinema Vagabunda,Gustavo A. Madero,"-99,05771385","19,44812646",De 3 a 5 personas,Sin información,Sin información,Sin información,Sin información,Públicos,Sin información
POINT(-99.1448287 19.4229482),Cine club Filosofía y Letras,Coyoacán,"-99,18697929","19,33487023",Una persona,Sin información,Sin información,Sin información,Sin información,Públicos,Sin información
POINT(-99.1911962 19.43273179),Cine Club CODECO Chavos Banda,Iztapalapa,"-99,05672591","19,32381602",De 3 a 5 personas,Sin información,Sin información,Sin información,Sin información,Públicos,Asociación civil
POINT(-99.1647339 19.3606529),Cine Club Santa (Centro Cultural Santa Catarina),Cuauhtémoc,"-98,96859735","19,30908772",Una persona,Sin información,Sin información,Sin información,Sin información,Públicos,No aplica
POINT(-99.1605629 19.4089483),"LUNA 1 ""Nahui Ollín""",Gustavo A. Madero,"-99,1170215","19,483311",Sin información,Sin información,Sin información,Sin información,Sin información,Públicos,Sin información
POINT(-99.16201875 19.40919134),Museo Andrés Quintana Roo,Tláhuac,"-98,9649115","19,2253299",Una persona,Sin información,Sin información,Sin información,Sin información,Públicos,No aplica
POINT(-99.13597525 19.43645384),"LUNA 1 ""Benita Galeana""",Benito Juárez,"-99,146825","19,390868",Sin información,Sin información,Sin información,Sin información,Sin información,Públicos,Sin información
POINT(-99.12531883 19.39039109),"LUNA 2 ""Coatlicue""",Iztacalco,"-99,07327954","19,40005752",Sin información,Sin información,Sin información,Sin información,Sin información,Públicos,Sin información
POINT(-99.19423056 19.28682403),Casa de Cultura Fuego Nuevo ,Iztapalapa,"-99,0939156","19,3589067",Sin información,Sin información,Sin información,Sin información,Sin información,Públicos,Sin información
POINT(-99.18890726 19.38359835),Casa del Hijo del Ahuizote,Cuauhtémoc,"-99,1308043","19,4383784",Sin información,Sin información,Sin información,Sin información,Sin información,Públicos,Sin información
POINT(-99.10229162 19.30369682),Biblioteca Pública Jorge Alberto Menrique,Azcapotzalco,"-99,1916238","19,5082611",Sin información,Sin información,Sin información,Sin información,Sin información,Públicos,Sin información
POINT(-99.01895065 19.19366747),Faro Xochicalli Poniente (Faro Azcapotzalco),Azcapotzalco,"-99,2001348","19,5069144",Sin información,Sin información,Sin información,Sin información,Sin información,Públicos,Sin información
POINT(-99.15836365 19.41182236),Silvestre Revueltas,Iztacalco,"-99,09599081","19,39490083",De 6 a 10 personas,Sin información,Sin información,Sin información,Sin información,Públicos,No aplica
POINT(-99.05672591 19.32381602),"LUNA 2 ""Juana de Asbaje""",Cuauhtémoc,"-99,16731154","19,42967403",Sin información,Sin información,Sin información,Sin información,Sin información,Públicos,Sin información
POINT(-99.1890988609373 19.3464805342371),Videoteca Manuel Álvarez Bravo ,Azcapotzalco,"-99,1852112","19,4839412",Dos personas,Sí,Sin información,Sin información,Sin información,Públicos,Sin información
POINT(-99.17368903 19.26993962),"Casa de Las Mujeres ""Ifigenia Martínez"" ",Coyoacán,"-99,1698219","19,3145457",Sin información,Sin información,Sin información,Sin información,Sin información,Públicos,Sin información
POINT(-99.1407065 19.4335607),"LUNA 1 ""Juana de Asbaje""",Cuauhtémoc,"-99,15167724","19,441278",Sin información,Sin información,Sin información,Sin información,Sin información,Públicos,Sin información
POINT(-99.07347655 19.35664515),Centro Cultural Carranza,Venustiano Carranza,"-99,11474388","19,41940457",Sin información,Sin información,Sin información,Sin información,Sin información,Públicos,Sin información
POINT(-99.1308043 19.4383784),"LUNA 2 ""Nahui Ollín""",Gustavo A. Madero,"-99,11771451","19,46398614",Sin información,Sin información,Sin información,Sin información,Sin información,Públicos,Sin información
POINT(-99.16616227 19.44383699),Sueños libres (Centro Urbano Doctores) ,Cuauhtémoc,"-99,1448287","19,4229482",De 3 a 5 personas,Sin información,Sin información,Sin información,Sin información,Donaciones ,No aplica
POINT(-99.15281066 19.29246606),Parque de Bolsillo Nueva Santa María,Azcapotzalco,"-99,1696633","19,4608844",De 6 a 10 personas,Sí,Sin información,Sin información,Sin información,Donaciones ,Sin información
POINT(-99.18662285 19.52650148),"Festival Internacional de Cine y Comedia, 24Risas por Segundo.",Itinerante,"-99,15885626","19,37246204",De 6 a 10 personas,Sin información,Sin información,Especializado,Sin información,Patrocinios,Sin información
POINT(-99.181716 19.42572),Los realizadores,Itinerante,"-99,20344698","19,44078741",De 3 a 5 personas,Sin información,Sin información,Sin información,Sin información,Patrocinios,Asociación civil
POINT(-98.9952483 19.22133218),Comunidad nueva ,Cuauhtémoc,"-99,14200786","19,44752975",De 3 a 5 personas,Sí,1 a 2,Sin perfil,No,Comunitarios,No aplica
POINT(-99.16332548 19.41780993),Cine Club Comunitario Madeja de Ideas,Itinerante,"-99,11855219","19,26332373",Dos personas,Sí,1 a 2,Medianamente,No,Comunitarios,No aplica
POINT(-99.13744685 19.43750695),Cineclub Jarillas,Iztacalco,"-99,1098384","19,39760763",De 3 a 5 personas,No,1 a 2,Sin perfil,No,Comunitarios,No aplica
POINT(-99.168233991622 19.4480885992037),Velaria,Tlalpan,"-99,17368903","19,26993962",De 3 a 5 personas,No,3 a 5,Sin perfil,No,Comunitarios,Sin figura legal
POINT(-99.06827406 19.33386181),CINECLUB Barrio Warrior Colectivo A.C.,Cuauhtémoc,"-99,13845756","19,45802942",De 3 a 5 personas,Sí,3 a 5,Especializado,No,Comunitarios,Asociación Civil
POINT(-99.15962152 19.35790736),Casa ciclista Xochimilco ,Xochimilco,"-99,04774568","19,25808315",De 3 a 5 personas,Sí,3 a 5,Sin perfil,No,Comunitarios,No aplica
POINT(-99.159064 19.4145754),Comuna Warrior,Cuauhtémoc,"-99,14183543","19,44743181",De 3 a 5 personas,Sí,3 a 5,Especializado,No,Comunitarios,No aplica
POINT(-99.14033799 19.37481975),Cineclub Cotidiano Crew,Virtual,"-99,00545091","19,27425042",Una persona,Sí,3 a 5,Sin perfil,No,Comunitarios,Sin figura legal
POINT(-99.16974693 19.26817924),Casa de las Artes Cuauhtenco,Milpa Alta,"-99,09012005","19,19112813",De 3 a 5 personas,Sí,3 a 5,Especializado,No,Comunitarios,Sin figura legal
POINT(-99.13283831 19.54534099),Cineclub Xochiac,Álvaro Obregón,"-99,28357965","19,32618417",De 3 a 5 personas,Sí,3 a 5,Sin perfil,Sí,Comunitarios,Asociación civil
POINT(-99.15902157 19.41485549),Centro Cultural  y Laboratorio ,Tlalpan,"-99,19423056","19,28682403",Dos personas,No,3 a 5,Sin perfil,No,Comunitarios,No aplica
POINT(-99.19249849 19.33999285),Cine Club Villa Panamericana,Coyoacán,"-99,17102649","19,30926987",De 3 a 5 personas,No,6 a 10,Especializado,No,Comunitarios,No aplica
POINT(-99.20239461 19.40429699),ENCUENTRO CINECLUB,Iztapalapa,"-98,99683822","19,33528883",De 3 a 5 personas,Sí,6 a 10,Especializado,No,Comunitarios,No aplica
POINT(-99.18989005 19.38593925),Cineclub CT6,Benito Juárez,"-99,16124652","19,36447828",Una persona,No,6 a 10,Especializado,No,Comunitarios,No aplica
POINT(-99.25873956 19.3594425),Campamentos Unidos,Cuauhtémoc,"-99,1458963","19,4424262",De 3 a 5 personas,Sin información,Sin información,Sin información,Sin información,Comunitarios,Sin información
POINT(-99.05775305 19.29460733),Cinestésica,Cuauhtémoc,"-99,1471287","19,4339618",De 3 a 5 personas,Sin información,Sin información,Sin información,Sin información,Comunitarios,Sin información
POINT(-99.13935579 19.43621874),Colectivo Cine Social (En el Museo Memoria y Tolerancia),Cuauhtémoc,"-99,1444725","19,43416094",Sin información,Sin información,Sin información,Sin información,Sin información,Comunitarios,Sin información
POINT(-99.13380162 19.43196667),Cineclub El Cuarto Amarillo Altillo Universidad,Coyoacán,"-99,1807662","19,3408218",Dos personas,Sin información,Sin información,Especializado,Sin información,Comunitarios,Sin información
POINT(-99.1597711 19.41622477),Cine La Nana,Cuauhtémoc,"-99,1428912","19,4381352",Dos personas,Sin información,Sin información,Sin información,Sin información,Sin recursos,Asociación civil
POINT(-99.1698219 19.3145457),IIPSOCULTA (Casa de los amigos),Iztapalapa,"-99,05775059","19,39202827",De 3 a 5 personas,Sin información,Sin información,Sin información,Sin información,Sin recursos,Asociación civil
POINT(-99.28357965 19.32618417),Espacio de convivencia,Itinerante,"-99,15632666","19,4099411",De 3 a 5 personas,Sí,3 a 5,Especializado,Sí,Internacionales,Asociación Civil
POINT(-99.04983643 19.31084129),Centro Cultural de España en México,Cuauhtémoc,"-99,1330071","19,4352452",Una persona,Sin información,Sin información,Sin información,Sin información,Internacionales,Sin información
POINT(-99.02165298 19.19252023),Goethe- Institut Mexiko,Cuauhtémoc,"-99,1632011","19,4197271",Dos personas,Sin información,Sin información,Sin información,Sin información,Internacionales,No aplica
POINT(-99.1321411 19.4349858),Cinema Queer México,Itinerante,"-99,13598468","19,43629339",De 3 a 5 personas,Sin información,Sin información,Sin información,Sin información,Internacionales,Sin información
POINT(-99.12882225 19.43466317),Centro Cultural Brasil en México,Miguel Hidalgo,"-99,1913236","19,4327609",Sin información,Sin información,Sin información,Sin información,Sin información,Internacionales,Sin información
POINT(-99.0739954762806 19.3614116340819),Viendo LA VIDA CON ALEGRIA,Virtual,"-99,0207657","19,29514506",De 3 a 5 personas,No,1 a 2,Sin perfil,No,Sin información,No aplica
POINT(-99.14706239 19.43770712),Cinema Pai Pai ,Coyoacán,"-99,16072802","19,35001897",Dos personas,Sí,Más de 10 horas,Sin perfil,No,Sin información,No aplica
POINT(-99.2056112 19.4733689),Cineclub y Charla en Alianza Francesa Polanco,Cuauhtémoc,"-99,204977","19,437265",De 3 a 5 personas,Sin información,Sin información,Sin información,Sin información,Sin información,Sin información
POINT(-99.09284501 19.35202843),Museo Casa de Carranza,Cuauhtémoc,"-99,163468","19,4311935",Sin información,Sin información,Sin información,Sin información,Sin información,Sin información,Sin información
POINT(-99.01158378 19.34705841),Soy Audiovisual,Azcapotzalco,"-99,18294671","19,49087359",Sin información,Sin información,Sin información,Sin información,Sin información,Sin información,Sin información
POINT(-99.10276226 19.30029553),Cineclub Unidad de Género Comisión de Derechos Humanos de la CDMX,Coyoacán,"-99,17479907","19,35523628",Sin información,Sin información,Sin información,Sin información,Sin información,Sin información,Sin información
POINT(-99.10951246 19.318648),Casa de la Cultura de la UAEM en Tlalpan,Tlalpan,"-99,1677896","19,2862316",Sin información,Sin información,Sin información,Sin información,Sin información,Sin información,Sin información
POINT(-99.1516311 19.4728185),Colegio de Ciencias y Humanidades Plantel Azcapotzalco UNAM,Azcapotzalco,"-99,2045536","19,4998328",Sin información,Sin información,Sin información,Sin información,Sin información,Sin información,Sin información
POINT(-99.19114776 19.41586157),Facultad de Cine,Cuauhtémoc,"-99,16477266","19,41074032",Sin información,Sin información,Sin información,Sin información,Sin información,Sin información,Sin información
POINT(-99.0640193627888 19.3454050820146),TODOS SOMOS OTROS FESTIVAL INTERNACIONAL TODOS SOMOS OTROS,Itinerante,"-99,16058872","19,40543023",Sin información,Sin información,Sin información,Sin información,Sin información,Sin información,Sin información
POINT(-98.99667551 19.34211554),Cineclub INEHRM,Álvaro Obregón,"-99,19082056","9,345780296",Sin información,Sin información,Sin información,Sin información,Sin información,Sin información,Sin información
POINT(-99.0114648 19.25490168),Casa de Cultura Imaginarte,Iztapalapa,"-99,0313193","19,3375514",Sin información,Sin información,Sin información,Sin información,Sin información,Sin información,Sin información
POINT(-99.191101 19.345121),Museo de los Ferrocarrileros,Gustavo A. Madero,"-99,11751963","19,48174314",Sin información,Sin información,Sin información,Sin información,Sin información,Sin información,Sin información
POINT(-99.15167724 19.441278),Sala Luis Buñuel. CCC,Coyoacán,"-99,1422655","19,3562773",Sin información,Sin información,Sin información,Sin información,Sin información,Sin información,Sin información
POINT(-99.1692499031617 19.2889612884501),Universidad Autónoma Metropolitana. Unidad Iztapalapa,Iztapalapa,"-99,07263005","19,36267711",Sin información,Sin información,Sin información,Sin información,Sin información,Sin información,Sin información
POINT(-99.1599294865078 19.3089609413453),Universidad Obrera de México,Cuauhtémoc,"-99,1279742","19,4361831",Sin información,Sin información,Sin información,Sin información,Sin información,Sin información,Sin información
POINT(-99.0682583 19.4154049),Museo de la Luz,Cuauhtémoc,"-99,13003121","19,43627293",Sin información,Sin información,Sin información,Sin información,Sin información,Sin información,Sin información
POINT(-99.13462213 19.42808159),Cine Club Santa Rosa,Cuauhtémoc,"-99,14627463","19,43650973",Sin información,Sin información,Sin información,Sin información,Sin información,Sin información,Sin información
POINT(-99.14950773 19.32217875),Museo Casa de la Memoria Indómita,Cuauhtémoc,"-99,1346883","19,4276917",Sin información,Sin información,Sin información,Sin información,Sin información,Sin información,Sin información
POINT(-99.15417206 19.42886864),Cine Lido,Cuauhtémoc,"-99,17759669","19,4073928",Sin información,Sin información,Sin información,Sin información,Sin información,Sin información,Sin información
POINT(-99.1290674 19.43550094),Escuela Nacional de Antropología e Historia,Tlalpan,"-99,17973785","19,30238951",Sin información,Sin información,Sin información,Sin información,Sin información,Sin información,Sin información
POINT(-99.26444158 19.37113118),Círculo Psicoanalítico Mexicano ,Cuauhtémoc,"-99,1746237","19,4118433",Sin información,Sin información,Sin información,Sin información,Sin información,Sin información,Sin información
POINT(-99.17348082 19.25938566),Cineclub Kin Metztli,Itinerante,"-99,14212522","19,28003541",Sin información,Sin información,Sin información,Sin información,Sin información,Sin información,Sin información
POINT(-99.15910656 19.23439686),Sanadoras,Itinerante,"-99,13093811","19,26705745",Sin información,Sin información,Sin información,Sin información,Sin información,Sin información,Sin información
POINT(-99.20386378 19.40508833),Fuerza Colectiva Coapa (Unidad Habitacional Coapa),Itinerante,"-99,124278","19,290778",Sin información,Sin información,Sin información,Sin información,Sin información,Sin información,Sin información
POINT(-99.2403137 19.3626389),Cinefilias,Coyoacán,"-99,1653135","19,349377",Sin información,Sin información,Sin información,Especializado,Sin información,Sin información,Sin información
POINT(-99.1416935 19.3174167),"IEMS Xochimilco ""Bernardino Sahagún""",Xochimilco,"-99,02590557","19,25849862",Sin información,Sin información,Sin información,Sin información,Sin información,Sin información,Sin información
POINT(-99.00965259 19.19341855),Escuela Itinerante de Cine y Narrativa ,Cuauhtémoc,"-99,1533121","19,4199979",Sin información,Sin información,Sin información,Sin información,Sin información,Sin información,Sin información
POINT(-99.1428912 19.4381352),Museo Regional Altepepialcalli,Milpa Alta,"-99,02165298","19,19252023",Sin información,Sin información,Sin información,Sin información,Sin información,Sin información,Sin información
POINT(-99.1701144 19.39291),Colectivo Barrio Conciencia,Itinerante,"-99,10080326","19,26365845",Sin información,Sin información,Sin información,Sin información,Sin información,Sin información,Sin información
POINT(-99.15964845 19.36973708),Cinematógrafo del Museo Universitario del Chopo ,Cuauhtémoc,"-99,1567171","19,441993",Sin información,Sin información,Sin información,Sin información,Sin información,Sin información,Sin información
POINT(-99.2045536 19.4998328),LA ARAÑA,Álvaro Obregón,"-99,2403137","19,3626389",Sin información,Sin información,Sin información,Sin información,Sin información,Sin información,Sin información
POINT(-99.1830568 19.2742034),Prevenidos Culturales,Cuauhtémoc,"-99,17733","19,4100606",Sin información,Sin información,Sin información,Sin información,Sin información,Sin información,Sin información
POINT(-99.13924915 19.40070333),Cineclub Cineteca 43,Virtual,"-99,16452889","19,36091566",Sin información,Sin información,Sin información,Especializado,Sin información,Sin información,Sin información
POINT(-99.15226996 19.55196811),Escuela Superior de Ingeniería Mecánica y Eléctrica Unidad Zacatenco IPN,Gustavo A. Madero,"-99,13558388","19,49762179",Sin información,Sin información,Sin información,Sin información,Sin información,Sin información,Sin información
POINT(-99.09832223 19.21716276),Facultad de Música,Coyoacán,"-99,15390034","19,35464806",Sin información,Sin información,Sin información,Sin información,Sin información,Sin información,Sin información
POINT(-99.1667241 19.4326443),Futurama,Gustavo A. Madero,"-99,1333353","19,49307055",Sin información,Sin información,Sin información,Sin información,Sin información,Sin información,Sin información
POINT(-99.0207657 19.29514506),Casa Chicha,Cuauhtémoc,"-99,159064","19,4145754",Sin información,Sin información,Sin información,Especializado,Sin información,Sin información,Sin información
POINT(-99.2095171399457 19.4885876234886),Universidad del Distrito Federal Campus Condesa,Cuauhtémoc,"-99,16888","19,40819",Sin información,Sin información,Sin información,Sin información,Sin información,Sin información,Sin información
POINT(-99.13903848 19.45136006),Colectivo Cultural Sendero Cofradía,Gustavo A. Madero,"-99,15222923","19,5273862",Sin información,Sin información,Sin información,Sin información,Sin información,Sin información,Sin información
POINT(-99.059460360937 19.3559832200787),Tertulias cinematográficas (El 77 Centro Cultural Autogestivo),Cuauhtémoc,"-99,15417206","19,42886864",Dos personas,Sin información,Sin información,Sin información,Sin información,Sin información,Sin información
POINT(-99.13598468 19.43629339),Cine Club Condesa ,Cuauhtémoc,"-99,17206567","19,41618715",Sin información,Sin información,Sin información,Sin información,Sin información,Sin información,Sin información
POINT(-99.01450183 19.29115791),Cine club Bravo,Itinerante,"-99,16455572","19,36076381",De 6 a 10 personas,Sin información,Sin información,Especializado,Sin información,Sin información,Asociación civil
POINT(-99.15157173 19.38434642),Galería José María Velasco,Cuauhtémoc,"-99,1323941","19,4479999",Sin información,Sin información,Sin información,Sin información,Sin información,Sin información,Sin información
POINT(-99.14627463 19.43650973),Museo de las Constituciones,Cuauhtémoc,"-99,12932812","19,43646329",Sin información,Sin información,Sin información,Sin información,Sin información,Sin información,Sin información
POINT(-99.11743306 19.42796419),Centro Cultural Elena Garro,Coyoacán,"-99,1586304","19,348587",Sin información,Sin información,Sin información,Sin información,Sin información,Sin información,Sin información
POINT(-99.1471287 19.4339618),Cine Club Atlántico,Cuauhtémoc,"-99,144297","19,433207",Sin información,Sin información,Sin información,Sin información,Sin información,Sin información,Sin información
POINT(-99.12324562 19.44236357),Dandole vuelo a la hilacha,Coyoacán,"-99,120959","19,3034547",Sin información,Sin información,Sin información,Sin información,Sin información,Sin información,Sin información
POINT(-99.16731154 19.42967403),PULQUECINEMA,Cuauhtémoc,"-99,1641085","19,4192674",Sin información,Sin información,Sin información,Sin información,Sin información,Sin información,Sin información
POINT(-99.16888 19.40819),Seminario 12,Cuauhtémoc,"-99,13182786","19,43406062",Sin información,Sin información,Sin información,Sin información,Sin información,Sin información,Sin información
POINT(-99.17809244 19.3786261),Casa Manu Centro Humanista,Cuauhtémoc,"-99,13597525","19,43645384",Sin información,Sin información,Sin información,Sin información,Sin información,Sin información,Asociación civil
POINT(-99.1641085 19.4192674),Cinenauta,Coyoacán,"-99,16281913","19,34797404",Sin información,Sin información,Sin información,Sin información,Sin información,Sin información,Sin información
POINT(-99.16281913 19.34797404),Instituto de la Juventud ,Miguel Hidalgo,"-99,17167351","19,44949492",Sin información,Sin información,Sin información,Sin información,Sin información,Sin información,Sin información
POINT(-99.02590557 19.25849862),ReverdeSer,Itinerante,"-99,16201875","19,40919134",Sin información,Sin información,Sin información,Sin información,Sin información,Sin información,Sin información
POINT(-99.17278763 19.34805658),"CENTRO (Centro de diseño,cine y televisión)",Miguel Hidalgo,"-99,20386378","19,40508833",Sin información,Sin información,Sin información,Sin información,Sin información,Sin información,Sin información
POINT(-99.14213589 19.33902437),Cineclub en Linea (El Transformador- Centro de Artes y Oficios),Virtual,"-99,0489941","19,36223192",Sin información,Sin información,Sin información,Sin información,Sin información,Sin información,Sin información
POINT(-99.03120898 19.19852509),Cineclub Sin Límites UAM-X (Comunicación),Coyoacán,"-99,10237453","19,30349168",Sin información,Sin información,Sin información,Sin información,Sin información,Sin información,Sin información
POINT(-99.09323195 19.24155079),Cineclub Labradores de Sueños (IEMS),Cuajimalpa,"-99,2858835","19,36169181",Sin información,Sin información,Sin información,Sin información,Sin información,Sin información,Sin información
POINT(-99.16010835 19.46035291),"IEMS Plantel Iztapalapa II ""Benito Juárez""",Iztapalapa,"-99,06510406","19,3146872",Sin información,Sin información,Sin información,Sin información,Sin información,Sin información,Sin información
POINT(-99.15390034 19.35464806),Necios Bar ,Cuauhtémoc,"-99,17703203","19,41164372",Una persona,Sin información,Sin información,Sin perfil,Sin información,Sin información,Sin información
POINT(-99.19284722 19.33679055),Cineclub Comunicación IBERO,Álvaro Obregón,"-99,26271746","19,37094866",Una persona,Sí,Sin información,Especializado,Sin información,Sin información,Sin información
POINT(-99.131881 19.4346038),Museo de la Mujer,Cuauhtémoc,"-99,1320953","19,439209",Sin información,Sin información,Sin información,Sin información,Sin información,Sin información,Sin información
POINT(-99.1653135 19.349377),La Casa del Cine Mx,Cuauhtémoc,"-99,1375946","19,4308291",Sin información,Sin información,Sin información,Especializado,Sin información,Sin información,Sin información
POINT(-99.05576468 19.25577417),Facultad de Ingeniería,Coyoacán,"-99,1847318","19,3316664",Sin información,Sin información,Sin información,Sin información,Sin información,Sin información,Sin información
POINT(-99.07845019 19.24836347),Casa del Lago,Miguel Hidalgo,"-99,1858169","19,4223588",Sin información,Sin información,Sin información,Sin información,Sin información,Sin información,Sin información
POINT(-99.20344698 19.44078741),Museo Nacional de las Culturas,Cuauhtémoc,"-99,1303977","19,4332126",Sin información,Sin información,Sin información,Sin información,Sin información,Sin información,Sin información
POINT(-99.17759669 19.4073928),Noctambulante,Xochimilco,"-99,09615302","19,27755815",Sin información,Sin información,Sin información,Sin información,Sin información,Sin información,Sin información
POINT(-99.15632666 19.4099411),Casa Refugio Citlatépetl,Cuauhtémoc,"-99,1716566","19,4092044",Sin información,Sin información,Sin información,Especializado,Sin información,Sin información,Sin información
POINT(-99.13276618 19.42934229),Centro Comunitario Los Volcanes,Tlalpan,"-99,1764571","19,2692994",Sin información,Sin información,Sin información,Sin información,Sin información,Sin información,Sin información
POINT(-99.2576286609383 19.3096933407985),Universidad Autónoma Metropolitana. Unidad Azcapotzalco,Azcapotzalco,"-99,187028","19,503389",Sin información,Sin información,Sin información,Sin información,Sin información,Sin información,Sin información
POINT(-99.13402882 19.43906161),Cineclub INPRFM (Cineclub Voz Pro Salud Mental),Tlalpan,"-99,15281066","19,29246606",Sin información,Sin información,Sin información,Sin información,Sin información,Sin información,Sin información
POINT(-99.18876914 19.40570724),Fundación para Ancianos Concepción Beistegui,Cuauhtémoc,"-99,1384052","19,4276162",Sin información,Sin información,Sin información,Sin información,Sin información,Sin información,Sin información
POINT(-99.1435938 19.3835803),Museo Tamayo Arte Contemporáneo ,Miguel Hidalgo,"-99,181716","19,42572",Sin información,Sin información,Sin información,Sin información,Sin información,Sin información,Sin información
POINT(-99.1990971 19.4902399),LA NOPALERA,Tláhuac,"-99,0545073","19,29651341",De 3 a 5 personas,Sin información,Sin información,Sin información,Sin información,Sin información,Sin información
POINT(-99.13182786 19.43406062),Museo del Templo Mayor,Cuauhtémoc,"-99,131881","19,4346038",Sin información,Sin información,Sin información,Sin información,Sin información,Sin información,Sin información
POINT(-99.06574355 19.34667544),CineClub Munal,Cuauhtémoc,"-99,13935579","19,43621874",Sin información,Sin información,Sin información,Sin información,Sin información,Sin información,Sin información
POINT(-99.13664248 19.45100964),Estudiantes de Psicología (Universidad de Londres),Cuauhtémoc,"-99,1597711","19,41622477",Sin información,Sin información,Sin información,Sin información,Sin información,Sin información,Sin información
POINT(-99.1530214 19.3381567),kinotecnia Cineclub,Cuauhtémoc,"-99,15007034","19,43840272",Sin información,Sin información,Sin información,Sin información,Sin información,Sin información,Sin información
POINT(-99.19932283 19.40265723),Museo Casa de la Bola,Miguel Hidalgo,"-99,18844","19,40474",Sin información,Sin información,Sin información,Sin información,Sin información,Sin información,Sin información
POINT(-99.13093811 19.26705745),Ciberescuela San Pedro Mártir,Tlalpan,"-99,17323108","19,26768663",Sin información,Sin información,Sin información,Sin información,Sin información,Sin información,Sin información
POINT(-99.19432632 19.28690392),Cineclub Casa Patricio ,Benito Juárez,"-99,1701144","19,39291",Sin información,Sin información,Sin información,Sin información,Sin información,Sin información,Sin información
POINT(-99.2001348 19.5069144),Sala de cine metro Zapata,Benito Juárez,"-99,1650577","19,3707094",Sin información,Sin información,Sin información,Sin información,Sin información,Sin información,Sin información
POINT(-99.0310684 19.1980852),Semillitas de Colores ( Casa del Éxodo),Magdalena Contreras,"-99,24546478","19,27084188",Sin información,Sin información,Sin información,Sin información,Sin información,Sin información,Sin información
POINT(-99.18748317 19.33113024),Cine Club La Galera,Cuauhtémoc,"-99,15334162","19,42006615",Sin información,Sin información,Sin información,Sin información,Sin información,Sin información,Sin información
POINT(-99.19899019 19.48968935),Facultad de Artes y Diseño,Xochimilco,"-99,118055","19,252085",Sin información,Sin información,Sin información,Sin información,Sin información,Sin información,Sin información
POINT(-99.2101265 19.3018015),Museo Archivo De la Fotografía,Cuauhtémoc,"-99,1321411","19,4349858",Sin información,Sin información,Sin información,Sin información,Sin información,Sin información,Sin información
POINT(-99.1444725 19.43416094),IFAL- Instituto Francés de América Latina,Cuauhtémoc,"-99,1667241","19,4326443",Sin información,Sin información,Sin información,Sin información,Sin información,Sin información,Sin información
POINT(-99.06510406 19.3146872),Parque Tematico Cananea,Iztapalapa,"-99,0675497","19,2920381",Sin información,Sin información,Sin información,Sin información,Sin información,Sin información,Sin información
POINT(-98.96859735 19.30908772),Claustro de Sor Juana,Cuauhtémoc,"-99,13645989","19,42639966",Sin información,Sin información,Sin información,Sin información,Sin información,Sin información,Sin información
POINT(-99.16360556 19.23537812),Casa de Cultura Calmecac,Milpa Alta,"-99,0310684","19,1980852",Sin información,Sin información,Sin información,Sin información,Sin información,Sin información,Sin información
POINT(-99.15925285 19.41139788),Facultad de Química,Coyoacán,"-99,1812638","19,3319335",Sin información,Sin información,Sin información,Sin información,Sin información,Sin información,Sin información
POINT(-99.1384052 19.4276162),Radio Cinema de Radio UNAM,Benito Juárez,"-99,1661354","19,39831052",Sin información,Sin información,Sin información,Especializado,Sin información,Sin información,Sin información
POINT(-99.1480917 19.33968218),Sprockets Cine Club Infantil ,Cuauhtémoc,"-99,1605629","19,4089483",Sin información,Sin información,Sin información,Sin información,Sin información,Sin información,Sin información